"source_path","repo_path","size_bytes","last_write_time","sha256","source_hash_match"
"D:\X55-VOXI-PassiveMonitor-v1.2.ps1","tools/x55_voxi_passive_monitor/X55-VOXI-PassiveMonitor-v1.2.ps1","31821","2026-09-23T13:18:01.630+08:00","7C73BEEA75226DC0FB5B03B595E55FA71684694D6AD2EFD9F3D5F1A099CE5BC4","PASS"
"D:\Run-X55-VOXI-PassiveMonitor-v1.2.cmd","tools/x55_voxi_passive_monitor/Run-X55-VOXI-PassiveMonitor-v1.2.cmd","372","2026-09-23T13:18:14.967+08:00","0C248D779971C26B618E662181B16F3C52A0178FE2DAF8222E59AE617B560991","PASS"
"D:\X55-VOXI-PassiveMonitor-v1.0.ps1","tools/x55_voxi_passive_monitor/legacy/X55-VOXI-PassiveMonitor-v1.0.ps1","21149","2026-09-23T12:50:40.972+08:00","2835307865199EFBFB1775D04528D3890963DD70160EC403D764F230EA616F6C","PASS"
"D:\Run-X55-VOXI-PassiveMonitor-v1.0.cmd","tools/x55_voxi_passive_monitor/legacy/Run-X55-VOXI-PassiveMonitor-v1.0.cmd","367","2026-09-23T12:50:56.870+08:00","D8ABD1C1B8B249CC86BCFD3447AB0926DB301893A980F0DDF2075387B0B724F4","PASS"
"D:\X55-VOXI-PassiveMonitor-v1.1.ps1","tools/x55_voxi_passive_monitor/legacy/X55-VOXI-PassiveMonitor-v1.1.ps1","23037","2026-09-23T12:57:15.844+08:00","A667215FD18D9804D1B3ACB6810E6EC23476013FF03C8CFC7036948C6E5B0541","PASS"
"D:\Run-X55-VOXI-PassiveMonitor-v1.1.cmd","tools/x55_voxi_passive_monitor/legacy/Run-X55-VOXI-PassiveMonitor-v1.1.cmd","367","2026-09-23T12:57:02.395+08:00","8637F06062E020FCEE6B54E30C664562B5171A97DEC992E5504E15AA7B897108","PASS"
"D:\X55-WFC-StateSearcher-v3.0.ps1","tools/x55_wfc_state_searcher/legacy/X55-WFC-StateSearcher-v3.0.ps1","21635","2026-09-23T11:15:27.089+08:00","E0681EA0ABA240D4767BE34E9ABA6E765A4392873E02D4FE54117FA748DF83FC","PASS"
"D:\Run-X55-WFC-v3.0.cmd","tools/x55_wfc_state_searcher/legacy/Run-X55-WFC-v3.0.cmd","178","2026-09-23T11:15:34.704+08:00","531AEBCB4908CF1B3DD82B40940710EA8FA393AEAA7A24EE283A995D379F1E03","PASS"
"D:\X55-WFC-StateSearcher-v3.1.ps1","tools/x55_wfc_state_searcher/legacy/X55-WFC-StateSearcher-v3.1.ps1","31678","2026-09-23T11:20:46.942+08:00","2A2E564A838E17F38A6F883EAA5F9766C6166F36BAD9D70B6502D52A16D74B05","PASS"
"D:\Run-X55-WFC-v3.1.cmd","tools/x55_wfc_state_searcher/legacy/Run-X55-WFC-v3.1.cmd","923","2026-09-23T11:20:54.492+08:00","382D46883E91B071284ED3357EC309D047F79358D63EFB8EAFED5597928CF545","PASS"
"D:\X55-WFC-StateSearcher-v3.2.ps1","tools/x55_wfc_state_searcher/legacy/X55-WFC-StateSearcher-v3.2.ps1","32800","2026-09-23T11:31:01.829+08:00","92D2F0FC049FF3927104054D466C5DC52D61284F4F4F999108858865DC7FE7D0","PASS"
"D:\Run-X55-WFC-v3.2.cmd","tools/x55_wfc_state_searcher/legacy/Run-X55-WFC-v3.2.cmd","904","2026-09-23T11:31:07.973+08:00","C5E21E6BFF52E810B1851300FAF7924083B564105ADF2D7E1F7F864EB8812116","PASS"
"D:\X55-WFC-StateSearcher-v3.3.ps1","tools/x55_wfc_state_searcher/legacy/X55-WFC-StateSearcher-v3.3.ps1","33987","2026-09-23T11:36:17.472+08:00","1A4C25E163885FDFF7F27F1A089BFD27A9E6522C15A193B5722B3F14B28E0570","PASS"
"D:\Run-X55-WFC-v3.3.cmd","tools/x55_wfc_state_searcher/legacy/Run-X55-WFC-v3.3.cmd","904","2026-09-23T11:36:24.936+08:00","A01BEE12A7496E570DBE2548601039787FD5EB8AA37F24DEBE0EFB7FD23F4778","PASS"
"D:\X55-WFC-StateSearcher-v3.4.ps1","tools/x55_wfc_state_searcher/legacy/X55-WFC-StateSearcher-v3.4.ps1","34017","2026-09-23T11:39:54.742+08:00","74F892E4B955458300D106E3A6749E451C651AC99785990B144D269C757CC076","PASS"
"D:\Run-X55-WFC-v3.4.cmd","tools/x55_wfc_state_searcher/legacy/Run-X55-WFC-v3.4.cmd","637","2026-09-23T11:40:00.493+08:00","5989CB97797F9688E66938EE7AA72716EBFA225F7798AFE713CE0D8A482D4973","PASS"
"D:\X55-WFC-StateSearcher-v3.5.ps1","tools/x55_wfc_state_searcher/X55-WFC-StateSearcher-v3.5.ps1","42708","2026-09-23T12:11:28.612+08:00","CA19534E87541214A34A2D3EF4C67A0995EA1084971AEE85B46F9B40007B8463","PASS"
"D:\Run-X55-WFC-v3.5.cmd","tools/x55_wfc_state_searcher/Run-X55-WFC-v3.5.cmd","703","2026-09-23T12:11:38.164+08:00","D21AA8EE01C38A12F5C821008D5134B7F0543DC85E9FE229624381CA3DFE56A5","PASS"
"D:\X55-WFC-OneClick-v2.6-clean-transactional.ps1","archive/computer_a_legacy/x55_wfc_oneclick/v2.6/X55-WFC-OneClick-v2.6-clean-transactional.ps1","38158","2026-09-23T13:56:43.904+08:00","7D1E41AE4BEDF189DE8DAB5BEF566BCA555FA37ACC36C9D98AC37B67E69B0D89","PASS"
"D:\Run-X55-WFC-v2.6-clean-transactional.cmd","archive/computer_a_legacy/x55_wfc_oneclick/v2.6/Run-X55-WFC-v2.6-clean-transactional.cmd","413","2026-09-23T13:56:52.219+08:00","E85CAF832F4A23904C2569216D340DD087C564DF8ED67D00229BEF487F6AF4BC","PASS"
"D:\X55-WFC-OneClick-v2.6.1-clean-transactional-hotfix.ps1","archive/computer_a_legacy/x55_wfc_oneclick/v2.6.1/X55-WFC-OneClick-v2.6.1-clean-transactional-hotfix.ps1","42078","2026-09-23T14:00:05.926+08:00","12ABFE6717E598D9E3B24A8F9A6F0F0D44B7F41EA3A6DCC4A00409F7CFAE81BB","PASS"
"D:\Run-X55-WFC-v2.6.1-clean-transactional-hotfix.cmd","archive/computer_a_legacy/x55_wfc_oneclick/v2.6.1/Run-X55-WFC-v2.6.1-clean-transactional-hotfix.cmd","431","2026-09-23T14:00:16.989+08:00","77D8260E6ED270FB04D3DBD4BAF6B70620BA9D7C986D5C57AB2820578E89E6DA","PASS"
"D:\X55-WFC-OneClick-v2.6.2-native-owner-restore.ps1","archive/computer_a_legacy/x55_wfc_oneclick/v2.6.2/X55-WFC-OneClick-v2.6.2-native-owner-restore.ps1","46169","2026-09-23T14:10:18.603+08:00","0B83D687F354F1A6B920937E22ACF9D761BAC51E064C8D3CC14BDDAA51FE3CE7","PASS"
"D:\Run-X55-WFC-v2.6.2-native-owner-restore.cmd","archive/computer_a_legacy/x55_wfc_oneclick/v2.6.2/Run-X55-WFC-v2.6.2-native-owner-restore.cmd","419","2026-09-23T14:10:35.274+08:00","04C237093310639E8B65BC36F52C7F00C95F52A0057BDFA1FC0DBE605FD5685A","PASS"
"D:\X55-WFC-OneClick.ps1","archive/computer_a_legacy/x55_wfc_oneclick/unnamed_root_variants/X55-WFC-OneClick.ps1","32681","2026-09-22T03:55:12.000+08:00","530DE5F9D377E7DB7F5449539792004FB43F96AB334C3072F0D406C7B52BA244","PASS"
"D:\X55-WFC-OneClick.cmd","archive/computer_a_legacy/x55_wfc_oneclick/unnamed_root_variants/X55-WFC-OneClick.cmd","235","2026-09-22T03:55:12.000+08:00","AE8DA3F0D12F59471FF3962E8D7A50C2FE7E9F9711CF123F8DCC5197A910941A","PASS"
"D:\X55-WFC-OneClick (2).ps1","archive/computer_a_legacy/x55_wfc_oneclick/unnamed_root_variants/X55-WFC-OneClick (2).ps1","24439","2026-09-22T02:24:00.000+08:00","20BC4971D59A08443878F4C3156C1E02188078CD2808070AEEE87C60135937D6","PASS"
"D:\X55-WFC-OneClick (2).cmd","archive/computer_a_legacy/x55_wfc_oneclick/unnamed_root_variants/X55-WFC-OneClick (2).cmd","235","2026-09-22T02:24:00.000+08:00","AE8DA3F0D12F59471FF3962E8D7A50C2FE7E9F9711CF123F8DCC5197A910941A","PASS"
"D:\X55-WFC-OneClick (3).ps1","archive/computer_a_legacy/x55_wfc_oneclick/unnamed_root_variants/X55-WFC-OneClick (3).ps1","23956","2026-09-22T02:15:48.000+08:00","E4E0F8AB39C1E6C2C7FD810D143612AD96D65736B20FF5E4B91EB2EF641C9950","PASS"
"D:\X55-WFC-OneClick (3).cmd","archive/computer_a_legacy/x55_wfc_oneclick/unnamed_root_variants/X55-WFC-OneClick (3).cmd","235","2026-09-22T02:15:48.000+08:00","AE8DA3F0D12F59471FF3962E8D7A50C2FE7E9F9711CF123F8DCC5197A910941A","PASS"
"D:\X55-WFC-OneClick (4).ps1","archive/computer_a_legacy/x55_wfc_oneclick/unnamed_root_variants/X55-WFC-OneClick (4).ps1","21405","2026-09-22T02:00:54.000+08:00","6613AA38DD9D34B5B6C5235002059431B428062848B2B878C24CD173D363E0F4","PASS"
"D:\X55-WFC-OneClick (4).cmd","archive/computer_a_legacy/x55_wfc_oneclick/unnamed_root_variants/X55-WFC-OneClick (4).cmd","235","2026-09-22T02:00:54.000+08:00","AE8DA3F0D12F59471FF3962E8D7A50C2FE7E9F9711CF123F8DCC5197A910941A","PASS"
"D:\X55-WFC-OneClick (5).ps1","archive/computer_a_legacy/x55_wfc_oneclick/unnamed_root_variants/X55-WFC-OneClick (5).ps1","32653","2026-09-23T00:40:24.000+08:00","F633F1A3EDAC2B8EF9B55B5B37AEE51551DE2FB3A8100DB3795ACEF2F17AB3D7","PASS"
"D:\X55-WFC-OneClick (5).cmd","archive/computer_a_legacy/x55_wfc_oneclick/unnamed_root_variants/X55-WFC-OneClick (5).cmd","235","2026-09-23T00:40:24.000+08:00","AE8DA3F0D12F59471FF3962E8D7A50C2FE7E9F9711CF123F8DCC5197A910941A","PASS"
"D:\X55-WFC-OneClick (6).ps1","archive/computer_a_legacy/x55_wfc_oneclick/unnamed_root_variants/X55-WFC-OneClick (6).ps1","31769","2026-09-23T00:29:14.000+08:00","CB4F9A3EA4F197FB6906FF562394C1BC8F9D5246A5BB7B93D63ECBC6979267A4","PASS"
"D:\X55-WFC-OneClick (6).cmd","archive/computer_a_legacy/x55_wfc_oneclick/unnamed_root_variants/X55-WFC-OneClick (6).cmd","235","2026-09-23T00:29:14.000+08:00","AE8DA3F0D12F59471FF3962E8D7A50C2FE7E9F9711CF123F8DCC5197A910941A","PASS"
"D:\README.txt","archive/computer_a_legacy/x55_wfc_oneclick/unnamed_root_variants/README.txt","1328","2026-09-22T03:55:12.000+08:00","2860AB9B5DCB9D224809FA39E0C662FB73154A8880F4FF92095B24123A26ED85","PASS"
"D:\README (2).txt","archive/computer_a_legacy/x55_wfc_oneclick/unnamed_root_variants/README (2).txt","1157","2026-09-22T02:24:00.000+08:00","2C63B22F1E8A0C27ADD8999DABE7AE85C518D3EE14B1B984DB89314ACB9A3F3B","PASS"
"D:\README (3).txt","archive/computer_a_legacy/x55_wfc_oneclick/unnamed_root_variants/README (3).txt","1165","2026-09-22T02:15:48.000+08:00","B890E2DD9CC727264A40C8C4D29E1420AA223DF60F155C838A814170C7D383E9","PASS"
"D:\README (4).txt","archive/computer_a_legacy/x55_wfc_oneclick/unnamed_root_variants/README (4).txt","1235","2026-09-22T02:00:54.000+08:00","70BA115D6618497CEA1E087FDFBEE6D9E345232B7863981E73B9849D80712B6C","PASS"
"D:\README (5).txt","archive/computer_a_legacy/x55_wfc_oneclick/unnamed_root_variants/README (5).txt","1362","2026-09-23T00:29:14.000+08:00","4C157B31C972AD1A86271E79A75B10B8A49B7E1409781149A4E0691C63803AE0","PASS"
"D:\X55-WFC-OneClick\X55-WFC-OneClick.ps1","archive/computer_a_legacy/x55_wfc_oneclick/directory_variant/X55-WFC-OneClick.ps1","21575","2026-09-22T09:57:37.859+08:00","496121269DA87F9B7823C5256446F98593166B3D81079AC1C8547B349029047A","PASS"
"D:\X55-WFC-OneClick\X55-WFC-OneClick.cmd","archive/computer_a_legacy/x55_wfc_oneclick/directory_variant/X55-WFC-OneClick.cmd","245","2026-09-22T09:49:55.000+08:00","716914EF8ABF9AB5E47A24E2AAEB7BA504EBA3DBB1ED8EB66809142C58ADBF8B","PASS"
"D:\X55-Restart.cmd","archive/computer_a_legacy/historical_restart_scripts/X55-Restart.cmd","7211","2026-09-22T09:25:43.173+08:00","2D71DD7AB6D4032C6612F74C77DDCC697DC996FD688D074FFC878F9006E9C766","PASS"
"D:\X55-Restart-FULL.cmd","archive/computer_a_legacy/historical_restart_scripts/X55-Restart-FULL.cmd","12435","2026-09-22T09:30:25.643+08:00","9AF1A0DB3BB21109CF366D6520960A03CA4B852687D1E05C84ACD3AF3419B805","PASS"
"D:\voxi_modem_ssr_readonly_audit_v3\README.md","tools/voxi_modem_ssr_readonly_audit_v3/README.original.md","501","2026-09-21T04:56:24.000+08:00","9CBBF7C4B1B6DE47B95C35D976668FC708FC2744D506FDE8E28EC02BF8CC8CF0","PASS"
"D:\voxi_modem_ssr_readonly_audit_v3\run_modem_ssr_topology_audit_v3.ps1","tools/voxi_modem_ssr_readonly_audit_v3/run_modem_ssr_topology_audit_v3.ps1","9378","2026-09-21T04:56:24.000+08:00","6232290746EC89C0E8940C7032E331A7E5E6BE3AE839F922165802D770098095","PASS"
"D:\voxi_modem_ssr_readonly_audit_v3\captures\run_20260921_125819_866+0800\device_tree_detail.txt","tools/voxi_modem_ssr_readonly_audit_v3/captures/run_20260921_125819_866+0800/device_tree_detail.txt","381","2026-09-21T12:58:34.347+08:00","B734AB9860DFC3308762C64584DDD6BE5770DBBF160F16BA3251636FDD68FFA5","PASS"
"D:\voxi_modem_ssr_readonly_audit_v3\captures\run_20260921_125819_866+0800\devnode_detail.txt","tools/voxi_modem_ssr_readonly_audit_v3/captures/run_20260921_125819_866+0800/devnode_detail.txt","4557","2026-09-21T12:58:22.707+08:00","428F9A5EA3967547C138266E72B51DAAF2FF3341AB6F20D03BE7BCCA9F4F4E66","PASS"
"D:\voxi_modem_ssr_readonly_audit_v3\captures\run_20260921_125819_866+0800\esoc_detail.txt","tools/voxi_modem_ssr_readonly_audit_v3/captures/run_20260921_125819_866+0800/esoc_detail.txt","444","2026-09-21T12:58:20.432+08:00","7A241E7C8CE71B2B5ECCD992CDD4154FFD9E59559E29595FE2ACC33A161002B2","PASS"
"D:\voxi_modem_ssr_readonly_audit_v3\captures\run_20260921_125819_866+0800\kernel_history.txt","tools/voxi_modem_ssr_readonly_audit_v3/captures/run_20260921_125819_866+0800/kernel_history.txt","704","2026-09-21T12:58:34.487+08:00","500FEBEE9CC8B20D4E234987B9EE15A668C7F05D8BDFC85C32D1F06905A2EB52","PASS"
"D:\voxi_modem_ssr_readonly_audit_v3\captures\run_20260921_125819_866+0800\platform_driver_map.txt","tools/voxi_modem_ssr_readonly_audit_v3/captures/run_20260921_125819_866+0800/platform_driver_map.txt","76706","2026-09-21T12:58:34.224+08:00","48D6FE712D53E086D7899062E2E934A0A9F88D0376D3DFACD40D86C8B6E87EB7","PASS"
"D:\voxi_modem_ssr_readonly_audit_v3\captures\run_20260921_125819_866+0800\proc_module_symbols.txt","tools/voxi_modem_ssr_readonly_audit_v3/captures/run_20260921_125819_866+0800/proc_module_symbols.txt","811","2026-09-21T12:58:34.613+08:00","30122999F1770E1A1C83474A5B950E96B8F38B61A5822376B6BE1BD9ABCDB79C","PASS"
"D:\voxi_modem_ssr_readonly_audit_v3\captures\run_20260921_125819_866+0800\properties_services.txt","tools/voxi_modem_ssr_readonly_audit_v3/captures/run_20260921_125819_866+0800/properties_services.txt","1859","2026-09-21T12:58:35.704+08:00","418C7C4363231188F093213452A826082B8AC4401CF498AC0BC1E214DBCBE367","PASS"
"D:\voxi_modem_ssr_readonly_audit_v3\captures\run_20260921_125819_866+0800\remoteproc_detail.txt","tools/voxi_modem_ssr_readonly_audit_v3/captures/run_20260921_125819_866+0800/remoteproc_detail.txt","18","2026-09-21T12:58:20.154+08:00","B471EBAFFC13318F94558D525D1F116244D6C99512819D4AA863F81C590CBCE3","PASS"
"D:\voxi_modem_ssr_readonly_audit_v3\captures\run_20260921_125819_866+0800\root_identity.txt","tools/voxi_modem_ssr_readonly_audit_v3/captures/run_20260921_125819_866+0800/root_identity.txt","75","2026-09-21T12:58:20.039+08:00","779D7A52CE940E5A0DAEF59D97F7F711D27DD875E073F9049000079C6A13AF08","PASS"
"D:\voxi_modem_ssr_readonly_audit_v3\captures\run_20260921_125819_866+0800\subsys_detail.txt","tools/voxi_modem_ssr_readonly_audit_v3/captures/run_20260921_125819_866+0800/subsys_detail.txt","6409","2026-09-21T12:58:21.689+08:00","AAE43CBE57B4A56CE9B3BC6F17F971A1905ACEAC3991A8F132F6FC973786F66F","PASS"
"D:\WFC-StateSearch-v3\fingerprint-history.csv","archive/computer_a_legacy/state_searcher_results/v3.4/fingerprint-history.csv","4681","2026-09-23T11:52:59.222+08:00","FCCE211B21F6BC8D4EA2999B3D27B73303CA59E64967B4278662F028F50CB24A","PASS"
"D:\WFC-StateSearch-v3\v3-main.log","archive/computer_a_legacy/state_searcher_results/v3.4/v3-main.log","14425","2026-09-23T11:52:59.220+08:00","C2C0E607338770AE5A0085B8722D60ED7655A2B19C64BD132FB923EE7223B3DC","PASS"
"D:\WFC-StateSearch-v3.5\timing-history.csv","archive/computer_a_legacy/state_searcher_results/v3.5/timing-history.csv","6498","2026-09-23T12:35:45.594+08:00","0416781767B17FE1504CBCBE5E0C33001E55A513CD5785CABDBBA6396B4A71FA","PASS"
"D:\WFC-StateSearch-v3.5\v3.5-main.log","archive/computer_a_legacy/state_searcher_results/v3.5/v3.5-main.log","30825","2026-09-23T12:35:45.073+08:00","E6082AF6CB9CA7701FF316AD6A2A398A4BFEDB91A7C8162AE85B07F3B260856A","PASS"
"D:\WFC-StateSearch-v3.5\Round-01-20260923-121146-D3-W1\timeline.csv","archive/computer_a_legacy/state_searcher_results/v3.5/round_timelines/Round-01-20260923-121146-D3-W1/timeline.csv","2418","2026-09-23T12:12:50.845+08:00","258D0EBACF7914431562430482B668554AEA4BAE6BBC32EC7EDD90192AB8BB97","PASS"
"D:\WFC-StateSearch-v3.5\Round-02-20260923-121259-D3-W3\timeline.csv","archive/computer_a_legacy/state_searcher_results/v3.5/round_timelines/Round-02-20260923-121259-D3-W3/timeline.csv","2143","2026-09-23T12:14:02.387+08:00","860864A3F53C3681D4C6202C8C51AE244403B79E6604CCD9CBFBFD0BC05D7820","PASS"
"D:\WFC-StateSearch-v3.5\Round-03-20260923-121410-D5-W5\timeline.csv","archive/computer_a_legacy/state_searcher_results/v3.5/round_timelines/Round-03-20260923-121410-D5-W5/timeline.csv","2418","2026-09-23T12:15:20.568+08:00","313B58401636929C8C8CE1A170B67AD4BC0043F4031F298F900D2E6F519B92A9","PASS"
"D:\WFC-StateSearch-v3.5\Round-04-20260923-121529-D5-W8\timeline.csv","archive/computer_a_legacy/state_searcher_results/v3.5/round_timelines/Round-04-20260923-121529-D5-W8/timeline.csv","2418","2026-09-23T12:16:41.130+08:00","1D1F8C55FACD52919E2104C67054924DCED13258C5DC4126C71C11008CD1A2A9","PASS"
"D:\WFC-StateSearch-v3.5\Round-05-20260923-121649-D8-W2\timeline.csv","archive/computer_a_legacy/state_searcher_results/v3.5/round_timelines/Round-05-20260923-121649-D8-W2/timeline.csv","2418","2026-09-23T12:18:00.038+08:00","3E0F1CAFD27AC7572F01F754491BC627F0162B92E4BC00C78FDB3C2D3DF67543","PASS"
"D:\WFC-StateSearch-v3.5\Round-06-20260923-121808-D8-W12\timeline.csv","archive/computer_a_legacy/state_searcher_results/v3.5/round_timelines/Round-06-20260923-121808-D8-W12/timeline.csv","2418","2026-09-23T12:19:28.579+08:00","B73CB5E796772FBCEF62FC077E3482F9A3EF8A3F2CDDE2EF1DC07F2F2722C3C4","PASS"
"D:\WFC-StateSearch-v3.5\Round-07-20260923-121937-D12-W3\timeline.csv","archive/computer_a_legacy/state_searcher_results/v3.5/round_timelines/Round-07-20260923-121937-D12-W3/timeline.csv","2418","2026-09-23T12:20:51.215+08:00","0E9F6FE2839DF5CB2FE1D0797280134BD7C6898217950FC2B48609234C6DFBF8","PASS"
"D:\WFC-StateSearch-v3.5\Round-08-20260923-122059-D12-W5\timeline.csv","archive/computer_a_legacy/state_searcher_results/v3.5/round_timelines/Round-08-20260923-122059-D12-W5/timeline.csv","2418","2026-09-23T12:22:15.831+08:00","DA7B967FDD6EC5880C25656E67DB492DE1BA12D6F2EFDE9159BD6D98220AFC05","PASS"
"D:\WFC-StateSearch-v3.5\Round-09-20260923-122224-D15-W8\timeline.csv","archive/computer_a_legacy/state_searcher_results/v3.5/round_timelines/Round-09-20260923-122224-D15-W8/timeline.csv","2418","2026-09-23T12:23:47.210+08:00","2B0ED5891B7719E806093E65642ED3F9610AA3DCAE251F04F2A3A49410D8A351","PASS"
"D:\WFC-StateSearch-v3.5\Round-10-20260923-122355-D15-W1\timeline.csv","archive/computer_a_legacy/state_searcher_results/v3.5/round_timelines/Round-10-20260923-122355-D15-W1/timeline.csv","2418","2026-09-23T12:25:10.200+08:00","DE18658A96E62DBC8C665E207CE7AC64EDCEACE146680613DC210978BE1715C9","PASS"
"D:\WFC-StateSearch-v3.5\Round-11-20260923-122518-D20-W12\timeline.csv","archive/computer_a_legacy/state_searcher_results/v3.5/round_timelines/Round-11-20260923-122518-D20-W12/timeline.csv","2418","2026-09-23T12:26:51.422+08:00","A16C8642A28B441B8CFB37822AC1BFAFDE7D46F1FC396D68C9CAB9337CC7EDE4","PASS"
"D:\WFC-StateSearch-v3.5\Round-12-20260923-122659-D20-W2\timeline.csv","archive/computer_a_legacy/state_searcher_results/v3.5/round_timelines/Round-12-20260923-122659-D20-W2/timeline.csv","2418","2026-09-23T12:28:21.832+08:00","484E3EC9E9481374F2A29CA32F8360F10FFBF967B0C1B024CA25A810A03ED469","PASS"
"D:\WFC-StateSearch-v3.5\Round-13-20260923-122830-D30-W5\timeline.csv","archive/computer_a_legacy/state_searcher_results/v3.5/round_timelines/Round-13-20260923-122830-D30-W5/timeline.csv","2144","2026-09-23T12:30:01.948+08:00","E2A3D7EF5816FE77FA1D4F520BB1E82F51CEB3A878DA33B1E0479C2B114316EE","PASS"
"D:\WFC-StateSearch-v3.5\Round-14-20260923-123011-D30-W3\timeline.csv","archive/computer_a_legacy/state_searcher_results/v3.5/round_timelines/Round-14-20260923-123011-D30-W3/timeline.csv","2418","2026-09-23T12:31:45.384+08:00","66747972C75DD1513C9FED106A2783EB4FE1D1F1AAA2A6B2B5B900980ADC4E0E","PASS"
"D:\WFC-StateSearch-v3.5\Round-15-20260923-123153-D45-W1\timeline.csv","archive/computer_a_legacy/state_searcher_results/v3.5/round_timelines/Round-15-20260923-123153-D45-W1/timeline.csv","2418","2026-09-23T12:33:40.417+08:00","97A7D1C80EE654162DBEA403209C936E592C04C91002D8F02341C895CA4F8863","PASS"
"D:\WFC-StateSearch-v3.5\Round-16-20260923-123348-D45-W8\timeline.csv","archive/computer_a_legacy/state_searcher_results/v3.5/round_timelines/Round-16-20260923-123348-D45-W8/timeline.csv","2418","2026-09-23T12:35:41.665+08:00","295F278854BD081AB33A47F7E2CC123B605DD4047DBFD77510AF0AF579234B6F","PASS"
"D:\WFC-PassiveMonitor\20260923_131823\events.log","archive/computer_a_legacy/passive_monitor_v1.2_result/events.log","10493","2026-09-23T14:55:12.809+08:00","999E4FC7638570FDB2BA3167313D259B68D25D1DD1883559E6E0EE170805CB02","PASS"
"D:\WFC-PassiveMonitor\20260923_131823\deep-events.log","archive/computer_a_legacy/passive_monitor_v1.2_result/deep-events.log","4225","2026-09-23T13:41:54.258+08:00","CAA6F9A640735F77ED2349081597CE3281E45891555F280B46C23CB11AD30B93","PASS"
"D:\WFC-PassiveMonitor\20260923_131823\latest-deep.txt","archive/computer_a_legacy/passive_monitor_v1.2_result/latest-deep.txt","296","2026-09-23T15:01:00.785+08:00","0432DE216554A430B4ED1B4F6A27234CA065927978E2E6DDFEF4CB94BF54FFCB","PASS"
"D:\WFC-PassiveMonitor\20260923_131823\timeline.csv","archive/computer_a_legacy/passive_monitor_v1.2_result/timeline.csv","150412","2026-09-23T15:01:00.979+08:00","4F2C4E9B2000D1E88B411B6C9BC5598B90D8E6B4345C494AA2175DCA6C0CD2DF","PASS"
"D:\WFC-PassiveMonitor (2).zip!/WFC-PassiveMonitor/20260923_131823/deep-events.log","archive/computer_a_legacy/zip_unique/WFC-PassiveMonitor _2_/WFC-PassiveMonitor/20260923_131823/deep-events.log","1834","ZIP_ENTRY","2D4628048774491FE2DC262928E769632DACABA10F55A3325C2A662D1CCFAD7A","PASS"
"D:\WFC-PassiveMonitor (2).zip!/WFC-PassiveMonitor/20260923_131823/events.log","archive/computer_a_legacy/zip_unique/WFC-PassiveMonitor _2_/WFC-PassiveMonitor/20260923_131823/events.log","3195","ZIP_ENTRY","84A747637E82BB288047B29783F77F03DBFE20B498E7D5B5A47D17B6CA3F301C","PASS"
"D:\WFC-PassiveMonitor (2).zip!/WFC-PassiveMonitor/20260923_131823/latest-deep.txt","archive/computer_a_legacy/zip_unique/WFC-PassiveMonitor _2_/WFC-PassiveMonitor/20260923_131823/latest-deep.txt","296","ZIP_ENTRY","3D9AC50E2C4A761D52F4780CE510584A9743EF3BE80D9AF9FAA766249E11D124","PASS"
"D:\WFC-PassiveMonitor (2).zip!/WFC-PassiveMonitor/20260923_131823/latest-slot1.txt","archive/computer_a_legacy/zip_unique/WFC-PassiveMonitor _2_/WFC-PassiveMonitor/20260923_131823/latest-slot1.txt","2268","ZIP_ENTRY","DE5BCA7E3E6B83DF0618E0A7DEAA361DAE14E981135E4A6AC6EC1B1A9417BCCF","PASS"
"D:\WFC-PassiveMonitor (2).zip!/WFC-PassiveMonitor/20260923_131823/timeline.csv","archive/computer_a_legacy/zip_unique/WFC-PassiveMonitor _2_/WFC-PassiveMonitor/20260923_131823/timeline.csv","16736","ZIP_ENTRY","0DF2349BB048F23D7E2ED49DF799B7AA3E6251208904FC1353C484496D1B857E","PASS"
"D:\X55-WFC-OneClick-v2.4.1.zip!/X55-WFC-OneClick.ps1","archive/computer_a_legacy/zip_unique/X55-WFC-OneClick-v2.4.1/X55-WFC-OneClick.ps1","28777","ZIP_ENTRY","627E5F0018320DE8C746945773F0ADF430675B5FAF54E4EB86B434522FE48EB1","PASS"
"D:\X55-WFC-OneClick-v2.4.1.zip!/README.txt","archive/computer_a_legacy/zip_unique/X55-WFC-OneClick-v2.4.1/README.txt","1136","ZIP_ENTRY","6382AF2AD68BEB6BF101A158887B70BB5830EA76A88BB80CA3D267A4F423F86B","PASS"
"D:\X55-WFC-OneClick-v2.5-single-on-logsafe.zip!/README.txt","archive/computer_a_legacy/zip_unique/X55-WFC-OneClick-v2.5-single-on-logsafe/README.txt","1580","ZIP_ENTRY","EABE56C9FE503DD2F9E8D85658927DBAB3EE25530646D64794550A480A426817","PASS"
"D:\X55-WFC-OneClick.zip!/X55-WFC-OneClick/X55-WFC-OneClick.ps1","archive/computer_a_legacy/zip_unique/X55-WFC-OneClick/X55-WFC-OneClick/X55-WFC-OneClick.ps1","21564","ZIP_ENTRY","D4AB42FCFE0E74CC4617D20827F7C2E041ACFBF2C0FCBCAB05ED81F72AA118EE","PASS"
