"Time","Round","Scenario","Class","RecoveryResult","LocationMode","VpnState","AnywhereState","Mode19","Home","DataService","Preferred","DataIwlan","VoiceState","DataState","DataRat","CneRegistered","CneActive","RequestState","RatRequested","StartDataCall","QualifiedNetworks","Epdg","Xfrm","Mmtel","Fingerprint"
"2026-09-23 11:41:08.822","1","BASE_WIFI_ON","P0","SKIPPED","3","CONNECTED_FLCLASH","RUNNING","NONE","0","0","0","0","POWER_OFF","POWER_OFF","Unknown","NO","NO","NULL","0","0","0","0","0","1","CLASS=P0;HOME=0;DATASVC=0;PREF=0;DIWLAN=0;VOICE=POWER_OFF;DATA=POWER_OFF;RAT=Unknown;CNE=NO;ACTIVE=NO;REQ=NULL;M19=NONE;RATREQ=0;STARTDC=0;QUAL=0;EPDG=0;XFRM=0;MMTEL=1"
"2026-09-23 11:42:13.042","2","BASE_WIFI_OFF","P0","SKIPPED","3","CONNECTED_FLCLASH","RUNNING","NONE","0","0","0","0","POWER_OFF","POWER_OFF","Unknown","NO","NO","NULL","0","0","0","0","0","1","CLASS=P0;HOME=0;DATASVC=0;PREF=0;DIWLAN=0;VOICE=POWER_OFF;DATA=POWER_OFF;RAT=Unknown;CNE=NO;ACTIVE=NO;REQ=NULL;M19=NONE;RATREQ=0;STARTDC=0;QUAL=0;EPDG=0;XFRM=0;MMTEL=1"
"2026-09-23 11:43:17.707","3","BASE_WIFI_ON","P0","SKIPPED","3","CONNECTED_FLCLASH","RUNNING","NONE","0","0","0","0","POWER_OFF","POWER_OFF","Unknown","NO","NO","NULL","0","0","0","0","0","1","CLASS=P0;HOME=0;DATASVC=0;PREF=0;DIWLAN=0;VOICE=POWER_OFF;DATA=POWER_OFF;RAT=Unknown;CNE=NO;ACTIVE=NO;REQ=NULL;M19=NONE;RATREQ=0;STARTDC=0;QUAL=0;EPDG=0;XFRM=0;MMTEL=1"
"2026-09-23 11:44:21.997","4","BASE_WIFI_OFF","P0","SKIPPED","3","CONNECTED_FLCLASH","RUNNING","NONE","0","0","0","0","POWER_OFF","POWER_OFF","Unknown","NO","NO","NULL","0","0","0","0","0","1","CLASS=P0;HOME=0;DATASVC=0;PREF=0;DIWLAN=0;VOICE=POWER_OFF;DATA=POWER_OFF;RAT=Unknown;CNE=NO;ACTIVE=NO;REQ=NULL;M19=NONE;RATREQ=0;STARTDC=0;QUAL=0;EPDG=0;XFRM=0;MMTEL=1"
"2026-09-23 11:45:26.318","5","BASE_WIFI_ON","P0","SKIPPED","3","CONNECTED_FLCLASH","RUNNING","NONE","0","0","0","0","POWER_OFF","POWER_OFF","Unknown","NO","NO","NULL","0","0","0","0","0","1","CLASS=P0;HOME=0;DATASVC=0;PREF=0;DIWLAN=0;VOICE=POWER_OFF;DATA=POWER_OFF;RAT=Unknown;CNE=NO;ACTIVE=NO;REQ=NULL;M19=NONE;RATREQ=0;STARTDC=0;QUAL=0;EPDG=0;XFRM=0;MMTEL=1"
"2026-09-23 11:46:30.571","6","BASE_WIFI_OFF","P0","SKIPPED","3","CONNECTED_FLCLASH","RUNNING","NONE","0","0","0","0","POWER_OFF","POWER_OFF","Unknown","NO","NO","NULL","0","0","0","0","0","1","CLASS=P0;HOME=0;DATASVC=0;PREF=0;DIWLAN=0;VOICE=POWER_OFF;DATA=POWER_OFF;RAT=Unknown;CNE=NO;ACTIVE=NO;REQ=NULL;M19=NONE;RATREQ=0;STARTDC=0;QUAL=0;EPDG=0;XFRM=0;MMTEL=1"
"2026-09-23 11:47:35.148","7","BASE_WIFI_ON","P0","SKIPPED","3","CONNECTED_FLCLASH","RUNNING","NONE","0","0","0","0","POWER_OFF","POWER_OFF","Unknown","NO","NO","NULL","0","0","0","0","0","1","CLASS=P0;HOME=0;DATASVC=0;PREF=0;DIWLAN=0;VOICE=POWER_OFF;DATA=POWER_OFF;RAT=Unknown;CNE=NO;ACTIVE=NO;REQ=NULL;M19=NONE;RATREQ=0;STARTDC=0;QUAL=0;EPDG=0;XFRM=0;MMTEL=1"
"2026-09-23 11:48:39.805","8","BASE_WIFI_OFF","P0","SKIPPED","3","CONNECTED_FLCLASH","RUNNING","NONE","0","0","0","0","POWER_OFF","POWER_OFF","Unknown","NO","NO","NULL","0","0","0","0","0","1","CLASS=P0;HOME=0;DATASVC=0;PREF=0;DIWLAN=0;VOICE=POWER_OFF;DATA=POWER_OFF;RAT=Unknown;CNE=NO;ACTIVE=NO;REQ=NULL;M19=NONE;RATREQ=0;STARTDC=0;QUAL=0;EPDG=0;XFRM=0;MMTEL=1"
"2026-09-23 11:49:44.062","9","BASE_WIFI_ON","P0","SKIPPED","3","CONNECTED_FLCLASH","RUNNING","NONE","0","0","0","0","POWER_OFF","POWER_OFF","Unknown","NO","NO","NULL","0","0","0","0","0","1","CLASS=P0;HOME=0;DATASVC=0;PREF=0;DIWLAN=0;VOICE=POWER_OFF;DATA=POWER_OFF;RAT=Unknown;CNE=NO;ACTIVE=NO;REQ=NULL;M19=NONE;RATREQ=0;STARTDC=0;QUAL=0;EPDG=0;XFRM=0;MMTEL=1"
"2026-09-23 11:50:49.141","10","BASE_WIFI_OFF","P0","SKIPPED","3","CONNECTED_FLCLASH","RUNNING","NONE","0","0","0","0","POWER_OFF","POWER_OFF","Unknown","NO","NO","NULL","0","0","0","0","0","1","CLASS=P0;HOME=0;DATASVC=0;PREF=0;DIWLAN=0;VOICE=POWER_OFF;DATA=POWER_OFF;RAT=Unknown;CNE=NO;ACTIVE=NO;REQ=NULL;M19=NONE;RATREQ=0;STARTDC=0;QUAL=0;EPDG=0;XFRM=0;MMTEL=1"
"2026-09-23 11:51:54.446","11","BASE_WIFI_ON","P0","SKIPPED","3","CONNECTED_FLCLASH","RUNNING","NONE","0","0","0","0","POWER_OFF","POWER_OFF","Unknown","NO","NO","NULL","0","0","0","0","0","1","CLASS=P0;HOME=0;DATASVC=0;PREF=0;DIWLAN=0;VOICE=POWER_OFF;DATA=POWER_OFF;RAT=Unknown;CNE=NO;ACTIVE=NO;REQ=NULL;M19=NONE;RATREQ=0;STARTDC=0;QUAL=0;EPDG=0;XFRM=0;MMTEL=1"
"2026-09-23 11:52:59.221","12","BASE_WIFI_OFF","P0","SKIPPED","3","CONNECTED_FLCLASH","RUNNING","NONE","0","0","0","0","POWER_OFF","POWER_OFF","Unknown","NO","NO","NULL","0","0","0","0","0","1","CLASS=P0;HOME=0;DATASVC=0;PREF=0;DIWLAN=0;VOICE=POWER_OFF;DATA=POWER_OFF;RAT=Unknown;CNE=NO;ACTIVE=NO;REQ=NULL;M19=NONE;RATREQ=0;STARTDC=0;QUAL=0;EPDG=0;XFRM=0;MMTEL=1"
