"Time","Round","Scenario","CellularDwellSec","AirplaneWifiDelaySec","CandidateAtSec","Class","RecoveryResult","LocationMode","VpnState","AnywhereState","Mode19","Home","DataService","Preferred","DataIwlan","VoiceState","DataState","DataRat","CneRegistered","CneActive","RequestState","RatRequested","StartDataCall","QualifiedNetworks","Epdg","Xfrm","Mmtel","Fingerprint"
"2026-09-23 12:12:54.339","1","BASE_WIFI_ON","3","1","-1","P0","NO_CANDIDATE","3","CONNECTED_FLCLASH","RUNNING","NONE","0","0","0","0","POWER_OFF","POWER_OFF","Unknown","NO","NO","NULL","0","0","0","0","0","1","CLASS=P0;HOME=0;DATASVC=0;PREF=0;DIWLAN=0;VOICE=POWER_OFF;DATA=POWER_OFF;RAT=Unknown;CNE=NO;ACTIVE=NO;REQ=NULL;M19=NONE;RATREQ=0;STARTDC=0;QUAL=0;EPDG=0;XFRM=0;MMTEL=1"
"2026-09-23 12:14:05.990","2","BASE_WIFI_OFF","3","3","-1","P0","NO_CANDIDATE","3","CONNECTED_FLCLASH","RUNNING","NONE","0","0","0","0","POWER_OFF","POWER_OFF","Unknown","NO","NO","NULL","0","0","0","0","0","1","CLASS=P0;HOME=0;DATASVC=0;PREF=0;DIWLAN=0;VOICE=POWER_OFF;DATA=POWER_OFF;RAT=Unknown;CNE=NO;ACTIVE=NO;REQ=NULL;M19=NONE;RATREQ=0;STARTDC=0;QUAL=0;EPDG=0;XFRM=0;MMTEL=1"
"2026-09-23 12:15:24.057","3","BASE_WIFI_ON","5","5","-1","P0","NO_CANDIDATE","3","CONNECTED_FLCLASH","RUNNING","NONE","0","0","0","0","POWER_OFF","POWER_OFF","Unknown","NO","NO","NULL","0","0","0","0","0","1","CLASS=P0;HOME=0;DATASVC=0;PREF=0;DIWLAN=0;VOICE=POWER_OFF;DATA=POWER_OFF;RAT=Unknown;CNE=NO;ACTIVE=NO;REQ=NULL;M19=NONE;RATREQ=0;STARTDC=0;QUAL=0;EPDG=0;XFRM=0;MMTEL=1"
"2026-09-23 12:16:44.754","4","BASE_WIFI_OFF","5","8","-1","P0","NO_CANDIDATE","3","CONNECTED_FLCLASH","RUNNING","NONE","0","0","0","0","POWER_OFF","POWER_OFF","Unknown","NO","NO","NULL","0","0","0","0","0","1","CLASS=P0;HOME=0;DATASVC=0;PREF=0;DIWLAN=0;VOICE=POWER_OFF;DATA=POWER_OFF;RAT=Unknown;CNE=NO;ACTIVE=NO;REQ=NULL;M19=NONE;RATREQ=0;STARTDC=0;QUAL=0;EPDG=0;XFRM=0;MMTEL=1"
"2026-09-23 12:18:03.594","5","BASE_WIFI_ON","8","2","-1","P0","NO_CANDIDATE","3","CONNECTED_FLCLASH","RUNNING","NONE","0","0","0","0","POWER_OFF","POWER_OFF","Unknown","NO","NO","NULL","0","0","0","0","0","1","CLASS=P0;HOME=0;DATASVC=0;PREF=0;DIWLAN=0;VOICE=POWER_OFF;DATA=POWER_OFF;RAT=Unknown;CNE=NO;ACTIVE=NO;REQ=NULL;M19=NONE;RATREQ=0;STARTDC=0;QUAL=0;EPDG=0;XFRM=0;MMTEL=1"
"2026-09-23 12:19:32.143","6","BASE_WIFI_OFF","8","12","-1","P0","NO_CANDIDATE","3","CONNECTED_FLCLASH","RUNNING","NONE","0","0","0","0","POWER_OFF","POWER_OFF","Unknown","NO","NO","NULL","0","0","0","0","0","1","CLASS=P0;HOME=0;DATASVC=0;PREF=0;DIWLAN=0;VOICE=POWER_OFF;DATA=POWER_OFF;RAT=Unknown;CNE=NO;ACTIVE=NO;REQ=NULL;M19=NONE;RATREQ=0;STARTDC=0;QUAL=0;EPDG=0;XFRM=0;MMTEL=1"
"2026-09-23 12:20:54.820","7","BASE_WIFI_ON","12","3","-1","P0","NO_CANDIDATE","3","CONNECTED_FLCLASH","RUNNING","NONE","0","0","0","0","POWER_OFF","POWER_OFF","Unknown","NO","NO","NULL","0","0","0","0","0","1","CLASS=P0;HOME=0;DATASVC=0;PREF=0;DIWLAN=0;VOICE=POWER_OFF;DATA=POWER_OFF;RAT=Unknown;CNE=NO;ACTIVE=NO;REQ=NULL;M19=NONE;RATREQ=0;STARTDC=0;QUAL=0;EPDG=0;XFRM=0;MMTEL=1"
"2026-09-23 12:22:19.411","8","BASE_WIFI_OFF","12","5","-1","P0","NO_CANDIDATE","3","CONNECTED_FLCLASH","RUNNING","NONE","0","0","0","0","POWER_OFF","POWER_OFF","Unknown","NO","NO","NULL","0","0","0","0","0","1","CLASS=P0;HOME=0;DATASVC=0;PREF=0;DIWLAN=0;VOICE=POWER_OFF;DATA=POWER_OFF;RAT=Unknown;CNE=NO;ACTIVE=NO;REQ=NULL;M19=NONE;RATREQ=0;STARTDC=0;QUAL=0;EPDG=0;XFRM=0;MMTEL=1"
"2026-09-23 12:23:50.684","9","BASE_WIFI_ON","15","8","-1","P0","NO_CANDIDATE","3","CONNECTED_FLCLASH","RUNNING","NONE","0","0","0","0","POWER_OFF","POWER_OFF","Unknown","NO","NO","NULL","0","0","0","0","0","1","CLASS=P0;HOME=0;DATASVC=0;PREF=0;DIWLAN=0;VOICE=POWER_OFF;DATA=POWER_OFF;RAT=Unknown;CNE=NO;ACTIVE=NO;REQ=NULL;M19=NONE;RATREQ=0;STARTDC=0;QUAL=0;EPDG=0;XFRM=0;MMTEL=1"
"2026-09-23 12:25:13.725","10","BASE_WIFI_OFF","15","1","-1","P0","NO_CANDIDATE","3","CONNECTED_FLCLASH","RUNNING","NONE","0","0","0","0","POWER_OFF","POWER_OFF","Unknown","NO","NO","NULL","0","0","0","0","0","1","CLASS=P0;HOME=0;DATASVC=0;PREF=0;DIWLAN=0;VOICE=POWER_OFF;DATA=POWER_OFF;RAT=Unknown;CNE=NO;ACTIVE=NO;REQ=NULL;M19=NONE;RATREQ=0;STARTDC=0;QUAL=0;EPDG=0;XFRM=0;MMTEL=1"
"2026-09-23 12:26:54.977","11","BASE_WIFI_ON","20","12","-1","P0","NO_CANDIDATE","3","CONNECTED_FLCLASH","RUNNING","NONE","0","0","0","0","POWER_OFF","POWER_OFF","Unknown","NO","NO","NULL","0","0","0","0","0","1","CLASS=P0;HOME=0;DATASVC=0;PREF=0;DIWLAN=0;VOICE=POWER_OFF;DATA=POWER_OFF;RAT=Unknown;CNE=NO;ACTIVE=NO;REQ=NULL;M19=NONE;RATREQ=0;STARTDC=0;QUAL=0;EPDG=0;XFRM=0;MMTEL=1"
"2026-09-23 12:28:25.412","12","BASE_WIFI_OFF","20","2","-1","P0","NO_CANDIDATE","3","CONNECTED_FLCLASH","RUNNING","NONE","0","0","0","0","POWER_OFF","POWER_OFF","Unknown","NO","NO","NULL","0","0","0","0","0","1","CLASS=P0;HOME=0;DATASVC=0;PREF=0;DIWLAN=0;VOICE=POWER_OFF;DATA=POWER_OFF;RAT=Unknown;CNE=NO;ACTIVE=NO;REQ=NULL;M19=NONE;RATREQ=0;STARTDC=0;QUAL=0;EPDG=0;XFRM=0;MMTEL=1"
"2026-09-23 12:30:06.025","13","BASE_WIFI_ON","30","5","-1","P0","NO_CANDIDATE","3","CONNECTED_FLCLASH","RUNNING","NONE","0","0","0","0","POWER_OFF","POWER_OFF","Unknown","NO","NO","NULL","0","0","0","0","0","1","CLASS=P0;HOME=0;DATASVC=0;PREF=0;DIWLAN=0;VOICE=POWER_OFF;DATA=POWER_OFF;RAT=Unknown;CNE=NO;ACTIVE=NO;REQ=NULL;M19=NONE;RATREQ=0;STARTDC=0;QUAL=0;EPDG=0;XFRM=0;MMTEL=1"
"2026-09-23 12:31:48.919","14","BASE_WIFI_OFF","30","3","-1","P0","NO_CANDIDATE","3","CONNECTED_FLCLASH","RUNNING","NONE","0","0","0","0","POWER_OFF","POWER_OFF","Unknown","NO","NO","NULL","0","0","0","0","0","1","CLASS=P0;HOME=0;DATASVC=0;PREF=0;DIWLAN=0;VOICE=POWER_OFF;DATA=POWER_OFF;RAT=Unknown;CNE=NO;ACTIVE=NO;REQ=NULL;M19=NONE;RATREQ=0;STARTDC=0;QUAL=0;EPDG=0;XFRM=0;MMTEL=1"
"2026-09-23 12:33:43.867","15","BASE_WIFI_ON","45","1","-1","P0","NO_CANDIDATE","3","CONNECTED_FLCLASH","RUNNING","NONE","0","0","0","0","POWER_OFF","POWER_OFF","Unknown","NO","NO","NULL","0","0","0","0","0","1","CLASS=P0;HOME=0;DATASVC=0;PREF=0;DIWLAN=0;VOICE=POWER_OFF;DATA=POWER_OFF;RAT=Unknown;CNE=NO;ACTIVE=NO;REQ=NULL;M19=NONE;RATREQ=0;STARTDC=0;QUAL=0;EPDG=0;XFRM=0;MMTEL=1"
"2026-09-23 12:35:45.592","16","BASE_WIFI_OFF","45","8","-1","P0","NO_CANDIDATE","3","CONNECTED_FLCLASH","RUNNING","NONE","0","0","0","0","POWER_OFF","POWER_OFF","Unknown","NO","NO","NULL","0","0","0","0","0","1","CLASS=P0;HOME=0;DATASVC=0;PREF=0;DIWLAN=0;VOICE=POWER_OFF;DATA=POWER_OFF;RAT=Unknown;CNE=NO;ACTIVE=NO;REQ=NULL;M19=NONE;RATREQ=0;STARTDC=0;QUAL=0;EPDG=0;XFRM=0;MMTEL=1"
