"Time","Class","SimSlot","Subscription","UiccApps","Airplane","WifiEnabled","WifiConnected","WifiSsid","LocationEnabled","LocationMode","Mock","Anywhere","Vpn","CellLte","IwlanHome","IwlanDataService","DataIwlan","Preferred","CneRegistered","CneActive","RequestState","RequestId","Mode19","Mode19Status","Mode19Registered","Mode19RestrictCause","DeepStage","RatRequested","StartDataCall","QualifiedNetworks","QualifiedHome","IWlanProxy","Epdg","Xfrm","Mmtel","Ims","Transport","Wfc"
"2026-09-23 13:18:29.318","PRE-P1","1","ACTIVE","ENABLED","OFF","ON","YES","Tongji","true","3","ANYWHERE_SEEN","RUNNING","FLCLASH_CONNECTED","1","1","1","0","0","NO","NO","NULL","null","NONE","","","","IWLAN_HOME","0","0","0","0","0","0","0","1","0","UNKNOWN_-1 (raw -1)","0"
"2026-09-23 13:18:36.325","PRE-P1","1","ACTIVE","ENABLED","OFF","ON","YES","Tongji","true","3","ANYWHERE_SEEN","RUNNING","FLCLASH_CONNECTED","1","1","1","0","0","NO","NO","NULL","null","NONE","","","","IWLAN_HOME","0","0","0","0","0","0","0","1","0","UNKNOWN_-1 (raw -1)","0"
"2026-09-23 13:18:43.430","PRE-P1","1","ACTIVE","ENABLED","OFF","ON","YES","Tongji","true","3","ANYWHERE_SEEN","RUNNING","FLCLASH_CONNECTED","1","1","1","0","0","NO","NO","NULL","null","NONE","","","","IWLAN_HOME","0","0","0","0","0","0","0","1","0","UNKNOWN_-1 (raw -1)","0"
"2026-09-23 13:18:51.386","PRE-P1","1","ACTIVE","ENABLED","OFF","ON","YES","Tongji","true","3","ANYWHERE_SEEN","RUNNING","FLCLASH_CONNECTED","1","1","1","0","0","NO","NO","NULL","null","NONE","","","","IWLAN_HOME","0","0","0","0","0","0","0","1","0","UNKNOWN_-1 (raw -1)","0"
"2026-09-23 13:18:59.321","PRE-P1","1","ACTIVE","ENABLED","OFF","ON","YES","Tongji","true","3","ANYWHERE_SEEN","RUNNING","FLCLASH_CONNECTED","1","1","1","0","0","NO","NO","NULL","null","NONE","","","","IWLAN_HOME","0","0","0","0","0","0","0","1","0","UNKNOWN_-1 (raw -1)","0"
"2026-09-23 13:19:08.998","PRE-P1","1","ACTIVE","ENABLED","OFF","ON","YES","Tongji","true","3","ANYWHERE_SEEN","RUNNING","FLCLASH_CONNECTED","1","1","1","0","0","NO","NO","NULL","null","NONE","","","","IWLAN_HOME","0","0","0","0","0","0","0","1","0","UNKNOWN_-1 (raw -1)","0"
"2026-09-23 13:19:19.221","P0","1","ACTIVE","ENABLED","ON","ON","NO","","true","3","ANYWHERE_SEEN","RUNNING","FLCLASH_CONNECTED","0","0","0","0","0","NO","NO","NULL","null","0_2","0","2","0","M19_OTHER","0","0","0","0","0","0","0","1","0","UNKNOWN_-1 (raw -1)","0"
"2026-09-23 13:19:28.861","P1-CAND","1","ACTIVE","ENABLED","ON","ON","YES","Tongji","true","3","ANYWHERE_SEEN","RUNNING","FLCLASH_CONNECTED","0","1","0","1","1","NO","NO","NULL","null","2_1","2","1","0","M19_2_1","0","0","0","0","0","0","0","1","0","UNKNOWN_-1 (raw -1)","0"
"2026-09-23 13:19:39.090","P1-CAND","1","ACTIVE","ENABLED","ON","ON","YES","Tongji","true","3","ANYWHERE_SEEN","RUNNING","FLCLASH_CONNECTED","0","1","0","1","1","NO","NO","NULL","null","2_1","2","1","0","M19_2_1","0","0","0","0","0","0","0","1","0","UNKNOWN_-1 (raw -1)","0"
"2026-09-23 13:19:50.336","P1-CAND","1","ACTIVE","ENABLED","ON","ON","YES","Tongji","true","3","ANYWHERE_SEEN","RUNNING","FLCLASH_CONNECTED","0","1","0","1","1","NO","NO","NULL","null","2_1","2","1","0","M19_2_1","0","0","0","0","0","0","0","1","0","UNKNOWN_-1 (raw -1)","0"
"2026-09-23 13:20:00.747","P1-F","1","ACTIVE","ENABLED","ON","ON","YES","Tongji","true","3","ANYWHERE_SEEN","RUNNING","FLCLASH_CONNECTED","0","1","0","1","1","NO","NO","NULL","null","NONE","","","","IWLAN_HOME","0","0","0","0","0","0","0","1","0","UNKNOWN_-1 (raw -1)","0"
"2026-09-23 13:20:10.464","P1-F","1","ACTIVE","ENABLED","ON","ON","YES","Tongji","true","3","ANYWHERE_SEEN","RUNNING","FLCLASH_CONNECTED","0","1","0","1","1","NO","NO","NULL","null","NONE","","","","IWLAN_HOME","0","0","0","0","0","0","0","1","0","UNKNOWN_-1 (raw -1)","0"
"2026-09-23 13:20:19.693","P1-F","1","ACTIVE","ENABLED","ON","ON","YES","Tongji","true","3","ANYWHERE_SEEN","RUNNING","FLCLASH_CONNECTED","0","1","0","1","1","NO","NO","NULL","null","NONE","","","","IWLAN_HOME","0","0","0","0","0","0","0","1","0","UNKNOWN_-1 (raw -1)","0"
"2026-09-23 13:20:29.569","P1-F","1","ACTIVE","ENABLED","ON","ON","YES","Tongji","true","3","ANYWHERE_SEEN","RUNNING","FLCLASH_CONNECTED","0","1","0","1","1","NO","NO","NULL","null","NONE","","","","IWLAN_HOME","0","0","0","0","0","0","0","1","0","UNKNOWN_-1 (raw -1)","0"
"2026-09-23 13:20:39.126","P1-F","1","ACTIVE","ENABLED","ON","ON","YES","Tongji","true","3","ANYWHERE_SEEN","RUNNING","FLCLASH_CONNECTED","0","1","0","1","1","NO","NO","NULL","null","NONE","","","","IWLAN_HOME","0","0","0","0","0","0","0","1","0","UNKNOWN_-1 (raw -1)","0"
"2026-09-23 13:20:48.818","P1-F","1","ACTIVE","ENABLED","ON","ON","YES","Tongji","true","3","ANYWHERE_SEEN","RUNNING","FLCLASH_CONNECTED","0","1","0","1","1","NO","NO","NULL","null","NONE","","","","IWLAN_HOME","0","0","0","0","0","0","0","1","0","UNKNOWN_-1 (raw -1)","0"
"2026-09-23 13:20:58.084","PRE-P1","1","ACTIVE","ENABLED","OFF","ON","YES","Tongji","true","3","ANYWHERE_SEEN","RUNNING","FLCLASH_CONNECTED","1","1","1","0","0","NO","NO","NULL","null","NONE","","","","IWLAN_HOME","0","0","0","0","0","0","0","1","0","UNKNOWN_-1 (raw -1)","0"
"2026-09-23 13:21:08.013","PRE-P1","1","ACTIVE","ENABLED","OFF","ON","YES","Tongji","true","3","ANYWHERE_SEEN","RUNNING","FLCLASH_CONNECTED","1","1","1","0","0","NO","NO","NULL","null","NONE","","","","IWLAN_HOME","0","0","0","0","0","0","0","1","0","UNKNOWN_-1 (raw -1)","0"
"2026-09-23 13:21:17.114","PRE-P1","1","ACTIVE","ENABLED","OFF","ON","YES","Tongji","true","3","ANYWHERE_SEEN","RUNNING","FLCLASH_CONNECTED","1","1","1","0","0","NO","NO","NULL","null","NONE","","","","IWLAN_HOME","0","0","0","0","0","0","0","1","0","UNKNOWN_-1 (raw -1)","0"
"2026-09-23 13:21:26.514","PRE-P1","1","ACTIVE","ENABLED","OFF","ON","YES","Tongji","true","3","ANYWHERE_SEEN","RUNNING","FLCLASH_CONNECTED","1","1","1","0","0","NO","NO","NULL","null","NONE","","","","IWLAN_HOME","0","0","0","0","0","0","0","1","0","UNKNOWN_-1 (raw -1)","0"
"2026-09-23 13:21:36.124","PRE-P1","1","ACTIVE","ENABLED","OFF","ON","YES","Tongji","true","3","ANYWHERE_SEEN","RUNNING","FLCLASH_CONNECTED","1","1","1","0","0","NO","NO","NULL","null","NONE","","","","IWLAN_HOME","0","0","0","0","0","0","0","1","0","UNKNOWN_-1 (raw -1)","0"
"2026-09-23 13:21:45.550","PRE-P1","1","ACTIVE","ENABLED","OFF","ON","YES","Tongji","true","3","ANYWHERE_SEEN","RUNNING","FLCLASH_CONNECTED","1","1","1","0","0","NO","NO","NULL","null","NONE","","","","IWLAN_HOME","0","0","0","0","0","0","0","1","0","UNKNOWN_-1 (raw -1)","0"
"2026-09-23 13:21:54.935","PRE-P1","1","ACTIVE","ENABLED","OFF","ON","YES","Tongji","true","3","ANYWHERE_SEEN","RUNNING","FLCLASH_CONNECTED","1","1","1","0","0","NO","NO","NULL","null","NONE","","","","IWLAN_HOME","0","0","0","0","0","0","0","1","0","UNKNOWN_-1 (raw -1)","0"
"2026-09-23 13:22:04.831","P0","1","ACTIVE","ENABLED","ON","ON","NO","","true","3","ANYWHERE_SEEN","RUNNING","FLCLASH_CONNECTED","0","0","0","0","0","NO","NO","NULL","null","0_2","0","2","0","M19_OTHER","0","0","0","0","0","0","0","1","0","UNKNOWN_-1 (raw -1)","0"
"2026-09-23 13:22:14.698","P1-CAND","1","ACTIVE","ENABLED","ON","ON","YES","Tongji","true","3","ANYWHERE_SEEN","RUNNING","FLCLASH_CONNECTED","0","1","0","1","1","NO","NO","NULL","null","2_1","2","1","0","M19_2_1","0","0","0","0","0","0","0","1","0","UNKNOWN_-1 (raw -1)","0"
"2026-09-23 13:22:24.625","P1-CAND","1","ACTIVE","ENABLED","ON","ON","YES","Tongji","true","3","ANYWHERE_SEEN","RUNNING","FLCLASH_CONNECTED","0","1","0","1","1","NO","NO","NULL","null","2_1","2","1","0","M19_2_1","0","0","0","0","0","0","0","1","0","UNKNOWN_-1 (raw -1)","0"
"2026-09-23 13:22:34.763","P1-CAND","1","ACTIVE","ENABLED","ON","ON","YES","Tongji","true","3","ANYWHERE_SEEN","RUNNING","FLCLASH_CONNECTED","0","1","0","1","1","NO","NO","NULL","null","2_1","2","1","0","M19_2_1","0","0","0","0","0","0","0","1","0","UNKNOWN_-1 (raw -1)","0"
"2026-09-23 13:22:45.063","P1-CAND","1","ACTIVE","ENABLED","ON","ON","YES","Tongji","true","3","ANYWHERE_SEEN","RUNNING","FLCLASH_CONNECTED","0","1","0","1","1","NO","NO","NULL","null","2_1","2","1","0","M19_2_1","0","0","0","0","0","0","0","1","0","UNKNOWN_-1 (raw -1)","0"
"2026-09-23 13:22:54.583","P1-CAND","1","ACTIVE","ENABLED","ON","ON","YES","Tongji","true","3","ANYWHERE_SEEN","RUNNING","FLCLASH_CONNECTED","0","1","0","1","1","NO","NO","NULL","null","2_1","2","1","0","M19_2_1","0","0","0","0","0","0","0","1","0","UNKNOWN_-1 (raw -1)","0"
"2026-09-23 13:23:04.114","P1-F","1","ACTIVE","ENABLED","ON","ON","YES","Tongji","true","3","ANYWHERE_SEEN","RUNNING","FLCLASH_CONNECTED","0","1","0","1","1","NO","NO","NULL","null","NONE","","","","IWLAN_HOME","0","0","0","0","0","0","0","1","0","UNKNOWN_-1 (raw -1)","0"
"2026-09-23 13:23:13.985","P1-F","1","ACTIVE","ENABLED","ON","ON","YES","Tongji","true","3","ANYWHERE_SEEN","RUNNING","FLCLASH_CONNECTED","0","1","0","1","1","NO","NO","NULL","null","NONE","","","","IWLAN_HOME","0","0","0","0","0","0","0","1","0","UNKNOWN_-1 (raw -1)","0"
"2026-09-23 13:23:23.851","P1-F","1","ACTIVE","ENABLED","ON","ON","YES","Tongji","true","3","ANYWHERE_SEEN","RUNNING","FLCLASH_CONNECTED","0","1","0","1","1","NO","NO","NULL","null","NONE","","","","IWLAN_HOME","0","0","0","0","0","0","0","1","0","UNKNOWN_-1 (raw -1)","0"
"2026-09-23 13:23:33.398","P1-F","1","ACTIVE","ENABLED","ON","ON","YES","Tongji","true","3","ANYWHERE_SEEN","RUNNING","FLCLASH_CONNECTED","0","1","0","1","1","NO","NO","NULL","null","NONE","","","","IWLAN_HOME","0","0","0","0","0","0","0","1","0","UNKNOWN_-1 (raw -1)","0"
"2026-09-23 13:23:43.430","P1-F","1","ACTIVE","ENABLED","ON","ON","YES","Tongji","true","3","ANYWHERE_SEEN","RUNNING","FLCLASH_CONNECTED","0","1","0","1","1","NO","NO","NULL","null","NONE","","","","IWLAN_HOME","0","0","0","0","0","0","0","1","0","UNKNOWN_-1 (raw -1)","0"
"2026-09-23 13:23:54.423","P1-F","1","ACTIVE","ENABLED","ON","ON","YES","Tongji","true","3","ANYWHERE_SEEN","RUNNING","FLCLASH_CONNECTED","0","1","0","1","1","NO","NO","NULL","null","NONE","","","","IWLAN_HOME","0","0","0","0","0","0","0","1","0","UNKNOWN_-1 (raw -1)","0"
"2026-09-23 13:24:04.351","P1-F","1","ACTIVE","ENABLED","ON","ON","YES","Tongji","true","3","ANYWHERE_SEEN","RUNNING","FLCLASH_CONNECTED","0","1","0","1","1","NO","NO","NULL","null","NONE","","","","IWLAN_HOME","0","0","0","0","0","0","0","1","0","UNKNOWN_-1 (raw -1)","0"
"2026-09-23 13:24:14.346","PRE-P1","1","ACTIVE","ENABLED","OFF","ON","YES","Tongji","true","3","ANYWHERE_SEEN","RUNNING","FLCLASH_CONNECTED","1","1","1","0","0","NO","NO","NULL","null","NONE","","","","IWLAN_HOME","0","0","0","0","0","0","0","1","0","UNKNOWN_-1 (raw -1)","0"
"2026-09-23 13:24:24.860","PRE-P1","1","ACTIVE","ENABLED","OFF","ON","YES","Tongji","true","3","ANYWHERE_SEEN","RUNNING","FLCLASH_CONNECTED","1","1","1","0","0","NO","NO","NULL","null","NONE","","","","IWLAN_HOME","0","0","0","0","0","0","0","1","0","UNKNOWN_-1 (raw -1)","0"
"2026-09-23 13:24:35.453","PRE-P1","1","ACTIVE","ENABLED","OFF","ON","YES","Tongji","true","3","ANYWHERE_SEEN","RUNNING","FLCLASH_CONNECTED","1","1","1","0","0","NO","NO","NULL","null","NONE","","","","IWLAN_HOME","0","0","0","0","0","0","0","1","0","UNKNOWN_-1 (raw -1)","0"
"2026-09-23 13:24:45.856","PRE-P1","1","ACTIVE","ENABLED","OFF","ON","YES","Tongji","true","3","ANYWHERE_SEEN","RUNNING","FLCLASH_CONNECTED","1","1","1","0","0","NO","NO","NULL","null","NONE","","","","IWLAN_HOME","0","0","0","0","0","0","0","1","0","UNKNOWN_-1 (raw -1)","0"
"2026-09-23 13:24:56.513","P0","1","ACTIVE","ENABLED","ON","ON","YES","Tongji","true","3","ANYWHERE_SEEN","RUNNING","FLCLASH_CONNECTED","0","0","0","0","0","NO","NO","NULL","null","2_1","2","1","0","M19_2_1","0","0","0","0","0","0","0","1","0","UNKNOWN_-1 (raw -1)","0"
"2026-09-23 13:25:06.697","P1-CAND","1","ACTIVE","ENABLED","ON","ON","YES","Tongji","true","3","ANYWHERE_SEEN","RUNNING","FLCLASH_CONNECTED","0","1","0","1","1","NO","NO","NULL","null","2_1","2","1","0","M19_2_1","0","0","0","0","0","0","0","1","0","UNKNOWN_-1 (raw -1)","0"
"2026-09-23 13:25:16.455","P1-CAND","1","ACTIVE","ENABLED","ON","ON","YES","Tongji","true","3","ANYWHERE_SEEN","RUNNING","FLCLASH_CONNECTED","0","1","0","1","1","NO","NO","NULL","null","2_1","2","1","0","M19_2_1","0","0","0","0","0","0","0","1","0","UNKNOWN_-1 (raw -1)","0"
"2026-09-23 13:25:26.819","P1-CAND","1","ACTIVE","ENABLED","ON","ON","YES","Tongji","true","3","ANYWHERE_SEEN","RUNNING","FLCLASH_CONNECTED","0","1","0","1","1","NO","NO","NULL","null","2_1","2","1","0","M19_2_1","0","0","0","0","0","0","0","1","0","UNKNOWN_-1 (raw -1)","0"
"2026-09-23 13:25:37.235","P1-CAND","1","ACTIVE","ENABLED","ON","ON","YES","Tongji","true","3","ANYWHERE_SEEN","RUNNING","FLCLASH_CONNECTED","0","1","0","1","1","NO","NO","NULL","null","2_1","2","1","0","M19_2_1","0","0","0","0","0","0","0","1","0","UNKNOWN_-1 (raw -1)","0"
"2026-09-23 13:25:47.786","P1-F","1","ACTIVE","ENABLED","ON","ON","YES","Tongji","true","3","ANYWHERE_SEEN","RUNNING","FLCLASH_CONNECTED","0","1","0","1","1","NO","NO","NULL","null","NONE","","","","IWLAN_HOME","0","0","0","0","0","0","0","1","0","UNKNOWN_-1 (raw -1)","0"
"2026-09-23 13:25:58.893","P1-F","1","ACTIVE","ENABLED","ON","ON","YES","Tongji","true","3","ANYWHERE_SEEN","RUNNING","FLCLASH_CONNECTED","0","1","0","1","1","NO","NO","NULL","null","NONE","","","","IWLAN_HOME","0","0","0","0","0","0","0","1","0","UNKNOWN_-1 (raw -1)","0"
"2026-09-23 13:26:08.969","P1-F","1","ACTIVE","ENABLED","ON","ON","YES","Tongji","true","3","ANYWHERE_SEEN","RUNNING","FLCLASH_CONNECTED","0","1","0","1","1","NO","NO","NULL","null","NONE","","","","IWLAN_HOME","0","0","0","0","0","0","0","1","0","UNKNOWN_-1 (raw -1)","0"
"2026-09-23 13:26:18.659","P1-F","1","ACTIVE","ENABLED","ON","ON","YES","Tongji","true","3","ANYWHERE_SEEN","RUNNING","FLCLASH_CONNECTED","0","1","0","1","1","NO","NO","NULL","null","NONE","","","","IWLAN_HOME","0","0","0","0","0","0","0","1","0","UNKNOWN_-1 (raw -1)","0"
"2026-09-23 13:26:27.593","P1-F","1","ACTIVE","ENABLED","ON","ON","YES","Tongji","true","3","ANYWHERE_SEEN","RUNNING","FLCLASH_CONNECTED","0","1","0","1","1","NO","NO","NULL","null","NONE","","","","IWLAN_HOME","0","0","0","0","0","0","0","1","0","UNKNOWN_-1 (raw -1)","0"
"2026-09-23 13:26:36.779","PRE-P1","1","ACTIVE","ENABLED","OFF","ON","YES","Tongji","true","3","ANYWHERE_SEEN","RUNNING","FLCLASH_CONNECTED","1","1","1","0","0","NO","NO","NULL","null","NONE","","","","IWLAN_HOME","0","0","0","0","0","0","0","1","0","UNKNOWN_-1 (raw -1)","0"
"2026-09-23 13:26:46.345","PRE-P1","1","ACTIVE","ENABLED","OFF","ON","YES","Tongji","true","3","ANYWHERE_SEEN","RUNNING","FLCLASH_CONNECTED","1","1","1","0","0","NO","NO","NULL","null","NONE","","","","IWLAN_HOME","0","0","0","0","0","0","0","1","0","UNKNOWN_-1 (raw -1)","0"
"2026-09-23 13:26:55.715","PRE-P1","1","ACTIVE","ENABLED","OFF","ON","YES","Tongji","true","3","ANYWHERE_SEEN","RUNNING","FLCLASH_CONNECTED","1","1","1","0","0","NO","NO","NULL","null","NONE","","","","IWLAN_HOME","0","0","0","0","0","0","0","1","0","UNKNOWN_-1 (raw -1)","0"
"2026-09-23 13:27:05.130","PRE-P1","1","ACTIVE","ENABLED","OFF","ON","YES","Tongji","true","3","ANYWHERE_SEEN","RUNNING","FLCLASH_CONNECTED","1","1","1","0","0","NO","NO","NULL","null","NONE","","","","IWLAN_HOME","0","0","0","0","0","0","0","1","0","UNKNOWN_-1 (raw -1)","0"
"2026-09-23 13:27:14.830","PRE-P1","1","ACTIVE","ENABLED","OFF","ON","YES","Tongji","true","3","ANYWHERE_SEEN","RUNNING","FLCLASH_CONNECTED","1","1","1","0","0","NO","NO","NULL","null","NONE","","","","IWLAN_HOME","0","0","0","0","0","0","0","1","0","UNKNOWN_-1 (raw -1)","0"
"2026-09-23 13:27:24.983","PRE-P1","1","ACTIVE","ENABLED","OFF","ON","YES","Tongji","true","3","ANYWHERE_SEEN","RUNNING","FLCLASH_CONNECTED","1","1","1","0","0","NO","NO","NULL","null","NONE","","","","IWLAN_HOME","0","0","0","0","0","0","0","1","0","UNKNOWN_-1 (raw -1)","0"
"2026-09-23 13:27:35.694","PRE-P1","1","ACTIVE","ENABLED","OFF","ON","YES","Tongji","true","3","ANYWHERE_SEEN","RUNNING","FLCLASH_CONNECTED","1","1","1","0","0","NO","NO","NULL","null","NONE","","","","IWLAN_HOME","0","0","0","0","0","0","0","1","0","UNKNOWN_-1 (raw -1)","0"
"2026-09-23 13:27:47.342","PRE-P1","1","ACTIVE","ENABLED","OFF","ON","YES","Tongji","true","3","ANYWHERE_SEEN","RUNNING","FLCLASH_CONNECTED","1","1","1","0","0","NO","NO","NULL","null","NONE","","","","IWLAN_HOME","0","0","0","0","0","0","0","1","0","UNKNOWN_-1 (raw -1)","0"
"2026-09-23 13:27:59.379","PRE-P1","1","ACTIVE","ENABLED","OFF","ON","YES","Tongji","true","3","ANYWHERE_SEEN","RUNNING","FLCLASH_CONNECTED","1","1","1","0","0","NO","NO","NULL","null","NONE","","","","IWLAN_HOME","0","0","0","0","0","0","0","1","0","UNKNOWN_-1 (raw -1)","0"
